키워드	분야	비고
라이나 치아보험료	치아	231222	없음
라이나 치아보험 보장	치아	231222	없음
동부화재운전자보험료	운전자	231222	없음
동부화재운전자보험한문철	운전자	231222	없음
한문철운전자보험가격	운전자	231222	없음
한문철운전자보험홈쇼핑우	운전자	231222	없음
삼성화재실비보험약관	실비	231222	없음
삼성화재실비보험고객센터	실비	231222	없음
삼성화재실비치과	실비	231222	없음
삼성화재수액실비	실비	231222	없음
삼성화재4세대실비보험	ㅣㄹ비	231222	없음
메리츠화재수액실비	실비	231222	없음
kb암보험고객센터	암	231222	
보험가입 상담	내보험	231222	없음
내보험 바로알기	내보험	231222	
케이비 암보험	암	231222	없음
KB 암보험	암	231221	없음
동양생명 수호천사 실속하나로 암보험	암	231221	
실손보험 건강보험	실손	231221	
내보험 조회	내보험	231221	없음
보험가입 조회	내보험	231221	없음
보험가입 현황	내보험	231221	없음
무배당 행복을 多주는 가족사랑보험	종합	231221	
하나손해보험 원데이 자동차보험	자동차	231221	
건강보험 자격	건강	231221	없음
우체국실비보험고객센터	실비	231220	없음
자동차보험료 가격	자동차	231220	없음
우체국보험실비청구어플	실비청구서류	231220	없음
삼성화재	종합	231220	없음
보험상해수술비	수술비	231220	없음
보험료 갱신	내보험	231220	없음
간병인보험 필요성	간병	231220	없음
40대 치과보험	치아	231219	
자동차보험 당일 가입	단기	231219	없음
삼성화재 다이렉트 긴급	자동차	231219	없음
삼성화재다이렉트고객센터	자동차	231219	
생명 보험	생명	231219	없음
실비 가입 여부	실비	231219	
맘모톰수술 보험	수술비	231219	없음
맘모톰수술 후기	수술비	231219	없음
29세 자동차보험	자동차	231219	
23세 자동차보험	자동차	231219	
22세 자동차보험	자동차	231219	
21세 자동차보험	자동차	231219	
28세 자동차보험	자동차	231219	없음
27세 자동차보험	자동차	231219	없음
26세 자동차보험	자동차	231219	없음
25세 자동차보험	자동차	231219	없음
24세 자동차보험	자동창	231219	없음
무배당마음플러스상해종합보험	종합	231219	
60대 실비	실비	231219	없음
60대 실비	실비	231219	
다발성 3대질병	진단비	231219	없음
독감검사실비보험청구	실비	231219	
30대 남자 보험	종합	231219	
교통사고 보험 합의금	운전자	231220	없음
정기보험갱신형	종신	231219	없음
실손의료보험 다이렉트	실손	231219	
누수피해 보험	화재	231219	
전세 누수보험	화재	231219	
놀라운종신보험	종신	231219	
실비보험 수액	실비	231219	없음
일상배상책임보험 중복	화재	231219	없음
70대 실비	실비	231219	
우체국 보험청구서류	종합	231219	
삼성화재 다이렉트 자동차보험 고객센터 전화번호	자동차	231219	없음
삼성화재 다이렉트 자동차보험 사고접수	자동차	231219	없음
캐롯퍼마일자동차보험료	자동차	231219	없음
삼성화재 1일보험	자동차	231219	없음
1일 자동차보험 주말	자동차	231219	없음
30세 자동차보험	자동차	231218	없음
자궁경부암검사 실비	실비	231218	없음
KB힘이되는간병보험	간병	231218	없음
독감1인실보험	종합	231218	없음
펫보험 추천	펫	231218	없음
치과보톡스보험	치과	231218	없음
우체국실비 청구서류	실비청구서류	231218	없음
A형 독감 보험청구	종합청구서류	231218	없음
디비손해보험 수술비	수술비	231218	
흥국생명 다재다능종합보험	종합	231218	
주차장배상책임보험	화재	231218	
대장암수술비	수술비	231218	없음
대장암 수술비	수술비	231218	없음
실비보험중복 보장	실비	231218	
24시간  간병비	간병	231218	없음
가족일상생활중배상책임 누수	화재	231218	없음
보험해지환급금 조회	내보험	231218	없음
독감 입원 보험	종합	231218	없음
독감검사 실비 보험	실비	231218	없음
한화보험 독감	종합	231218	없음
욕실 누수보험	화재	231218	
누수보험 접수	화재	231218	
누수 보험청구	화재	231218	
건강검진비용실비	실비	231218	
코로나확진보험	종합	231218	없음
2세대실손보험비급여	실손	231217	없음
삼성화재 간병	간병	231217	없음
일상배상책임보험 누수	화재	231216	없음
이륜차종합보험	이륜차	231216	없음
오토바이보험종류	이륜차	231216	없음
노안수술비용	수술비	231216	없음
치아파절포함 보험청구	치아청구서류	231216	없음
치매 요양비 보험	치매	231216	없음
독 감보험	종합	231216	없음
반려묘보험	펫보험	231216	없음
실손보험 암보험	암	231215	없음
화재보험 붕괴	화재	231215	없음
롯데 독감보험	종합	231215	
4인가족 보험료	종합	231215	없음
독감치료비보험	종합	231215	
독감 보험청구	청구	231215	
유방암검사보험	암	231215	
2세대실손보험	실손	231215	없음
사랑니 발치 실비보험	실비	231215	없음
장기요양보험금이란	간병	231215	없음
레진치료 비용	치아	231215	
독감진단금	건강	231215	
아랫집 누수 보험	화재	231215	없음
무배당프로미라이프참좋은행복더블플러스종합보험2307	종합	231215	없음
다이렉트 뜻	자동차	231215	
KB 실손보험	실손	231215	없음
보험 리모델링	내보험	231215	
CEO 정기보험	정기	231215	
독감보험 100만원	종합	231215	없음
일본여행자보험카카오	여행자	231214	
실손보험 가입여부확인	실손	231214	없음
DB다이렉트자동차일일보험	자동차	231214	없음
목조주택 화재보험가입거절	화재	231214	없음
22살 운전자 보험료	운전자	231214	없음
스케일링보험 적용	치아	231214	
스케일링 비용 보험	치아	231214	
자동차원데이보험	자동차	231214	없음
교보 어린이보험	어린이	231214	없음
DB자동차단기보험	자동차	231214	없음
현대해상자동차단기보험	자동차	231214	없음
동부화재 운전자 보험	운전자	231214	
20세/21세/22세/23세/24세/25세/26세/27세/28세/29세 자동차보험	자동차	231214	
30세/31세/32세/33세/34세/35세/36세/37세/38세/39세 자동차보험	자동차	231214	
40세/41세/42세/43세/44세/45세/46세/47세/48세/49세 자동차보험	자동차	231214	
척추수술보험	수술비	231214	없음
보장분석센터	종합	231214	없음
맘모톰수술보험	수술비	231214	없음
다이렉트 운전자보험환급금	운전자	231214	
고용 보험이력조회	종합	231214	없음
도수치료의효과	실비	231214	
3대 질병보험	건강	231214	없음
간병비보험필요성	간병	231213	없음
실비청구면책기간	청구서류	231213	없음
유병지 실비보험 고지시 가입여부	실비	231213	없음
실비보험 입원	실비	231213	없음
캐롯자동차보험 단점	자동차	231213	없음
종합보험 가격	종합	231213	없음
일상생활배상책임보험 비용	화재	231213	없음
인공관절진단비	진단비	231213	없음
일상생활배상책임보험 자녀	화재	231213	없음
삼성화재 T맵 할인	자동차	231213	
간편 건강보험	건강	231213	없음
실비 보험비	실비	231213	없음
실비 유병자 가입	실비	231213	없음
운자자보험금액	운전자	231213	없음
일상배상책임보험	화재	231213
일상생활배상책임보험 특약	화재	231213	
표적 암보험	암	231213	없음
통합보험	종합	231213	
맘모톰수술 비용	종합	231213	없음
실손보험 만기	실손	231213	없음
암보험이 실비보험인가요	암	231213	없음
맘모톰 보험청구	종합 청구서류	231213	없음
대구보톡스	머천트	231213	
운전자보험 효력	운전자	231212	
아싸나을지켜주는암보험	암	231212	없음
어린이 보험가입	어린이	231212	
다이렉트 암보험비교사이트	암	231212	
정부지원암치료비	암	231212	없음
DB운전자보험	운전자	231212	없음
보험다모아다이렉트암보험	암	231212	없음
우체국보험 환급	종합	231212	
암보험 저렴한 곳	암	231212	없음
무배당 하나 가득담은암보험	암	231212	없음
우체국보험 생존	종합	231212	
한문철운전자보험	운전자	231212	없음
우체국 보험증권	종합	231212	
A형 독감보험	종합	231212	없음
독감검사비용보험	종합	231212	없음
삼성카드 다이렉트 암보험	암	231212	없음
실비보험가입 거절	실비	231212	
DB 암보험	암	231212	없음
간병플랜	간병	231212	
대장암 내시경 준비	암	231212	없음
원데이 자동차보험 렌트카	일일자동차	231212	없음
내시경 실비	실비	231212	없음
치과보험 서류	치아	231212	없음
KB손해보험암보험	암	231212	
우체국치아보험서류	치아	231212	
간병비보험 적용	간병	231212	없음
70대 간병비보험	간병	231212	없음
코로나해외여행자보험	여행자	231211	
실비 급여	실비	231211	없음
실버 보험	실버	231211	없음
카카오 해외보험	여행자	231211	
만 19세 운전자보험	운전자	231211	없음
우체국 은행고객센터	통합	231211	없음
암 실비보험	실비	231211	없음
임플란트수술후기	치아	231211	
저렴한 보험	종합	231211	
토스 자동차 1일보험	자동차	231211	없음
현대해상 원데이 자동차보험	자동차	231211	없음
치과보험 크라운	치아	231211	
레진치아 보험	치아	231211	
우체국실시간	종합	231211	없음
우체국실비청구 어플	실비	231211	없음
메리츠화재실비보험청구서류	실비청구서류	231210	없음
자동차일일보험주말	단기	231210	없음
현대해상 자동차 1일보험	단기	231210	없음
삼성자동차보험 원데이	단기	231210	없음
우체국 보험청구앱	청구서류	231209	없음
디비 암보험	암	231209	없음
흥국 암보험	암	231209	없음
운전자보험특약	운전자	231209	없음
상가건물 화재보험	화재	231208	
유아치아보험	치아	231208	없음
여행자보험 가입 방법	여행자	231208	
일상 배상책임	화재	231208	없음
다이렉트 운전자보험비교	운전자	231208	없음
나이 30에 보험	종합	231208	없음
어린이독감보험	종합	231208	없음
처브 치아보험 청구	치아	231208	없음
음식물피해보상보험	종합	231208	없음
실비가입 조건	실비	231208	
중복보험이 가입되었다면	종합	231208	없음
메리츠화재실비보험서류	실비	231208	없음
어린이보험 종합보험	어린이	231208	없음
보험사별 종합보험료	종합	231208	없음
롯데 도담도담 자녀보험	어린이	231208	없음
유방암수술후 요양병원후기	간병	231208	
암보험 진단금 비교	암	231208	없음
30대 자동차보험료	자동차	231207	
v	실비	231207	없음
우체국실비 사랑니	실비	231207	
DB 화재보험	화재	231207	없음
간병인업체추천	간병	231207	
흥국화재 이튼튼한 치아보험	치아	231207	
메트라이프 암보험	암	231207	없음
롯데 실비보험	실비	231207	
제주렌트카원데이보험	자동차	231207	없음
현대해상화재보험누수	화재	231207	
흥국화재운전자보험	운전자	231207	없음
흥국화재운전자보험	운전자	231207	없음
1일 운전자보험	운전자	231207	없음
자동차 1일보험 방법	자동차	231207	없음
임시운전자특약 당일	운전자	231207	
자동차 1일보험 신청	자동차	231207	
일일 차보험	자동차	231207	
차 1일 보험	자동차	231207	
독감 100만원	종합	231207	없음
자동차 1일보험 주말	자동차	231207	
KB손해보험 암보험	암	231207	없음
원데이보험 자차	자동차	231207	
메리츠화재 100세 건강보험	건강	231207	없음
메리츠화재 실비보험 가입	실비	231207	없음
DB 일일 자동차보험	자동차	231206	없음
독감 실비보험	실비	231206	없음
암  실비 보험	실비	231206	없음
카카오 자동차 일일보험	자동차	231206	없음
토스내보험	내보험	231206	없음
여행자보험 결항	여행자	231206	y
암치료비 보험	암	231206	
건강보험임플란트 지원	ㄱㄴ강	231206	없음
kb닥터플러스건강보험	건강	231206	없음
운전자 보험 상해 보험	운전자	231206	없음
자궁근종 수술비	수술비	231206	없음
상해 건강보험	건강	231206	
운전자보험 후유장애	운전자	231206	없음
도수치료비	실비	231206	없음
운전자보험 변호사비용	운전자	231206	없음
삼성화재 누수	화재	231206	없음
간병인 보험 조건	간병	231206	없음
공장 화재보험료	화재	231206	없음
종합보험가격	종합	231206	없음
맘모톰 수술	종합	231206	없음
어린이보험 갈아타기	어린이	231206	없음
일상배상 보험	화재	231206	없음
보험 다모아	종합	231206	없음
50대 종신보험	종신	231206	없음
운전자보험 필수항목	운전자	231206	없음
운전자보험비교 사이트	운전자	231205	없음
해외여행휴대폰보험	여행자	231205	없음
다이렉트 보험비교	자동차	231205	없음
50대 보험추천	통합	231205	없음
실버 간병보험	간병	231205	없음
건물 화재보험	화재	231205	없음
주택화재보험 비용	화재	231205	없음
KB 주택화재보험	화재	231205	없음
캐롯퍼마일자동차보험 해지	자동차	231205	
어린이 보험 입원일당	어린이	231205	
어린이보험 나이 변경	어린이	231205	
가성비좋은암보험 순위	암	231205	없음
상해질병재활치료비	상해	231205	없음
자동차 보험다모아	자동차	231205	
자동차보험 비용	자동차	231204	
해외에서여행자보험	여행자	231204	
괌 해외여행자보험	여행자	231204	
4세대 실손보험 장점	실손	231204	
실손 보험추천	실손	231204	없음
자동차하루보험당일	단기	231204	없음
대구자갈턱보톡스	머천트	231204	
내 보험 확인하기	내보험	231204	없음
부모님 실버보험	치매	231204	없음
차량이력조회	자동차	231204	없음
상해 보험가입	상해	231204	없음
내차보험찾기	내보험	231204	없음
4세대 실손보험 장단점	실손	231204	없음
상가 건물화재보험	화재	231203	없음
참좋은운전자상해보험	운전자	231203	없음
시설급여보험	치매	231203	없음
자차보험보험료할증	자동차	231202	없음
건강보험료 납부 확인서	건강	231202	없음
자동차보험 조회 혜택	자동차	231202	없음
건강 보험금 환급	건강	231202	없음
대장용종제거보험청구	청구서류	231202	없음
다이렉트자동차보험 저렴한곳	자동차	231201	
정기 보험	정기	231201	
노인장기요양보험등급	간병	231201	없음
온라인보험슈퍼마켓 보험다모아	내보험	231201	없음
도수치료 실비청구 후기	실비	231130	
피부양자자격 요건	건강	231130	
숨겨진 보험금	내보험	231130	
해외여행건강보험	여행자	231130	없음
해외 여행보험	여행자	231130	없음
암보험 보종	암	231130	
해외여행의료보험	여행자	231130	없음
실손보험 보종	실손	231130	
간병보험치매보험	간병	231130	없음
실비보험 보종	실비	231130	
우체국 비갱신 암보험	암	231130	
운전자보험 보종	운전자	231130	
독감보험 특약	종합	231130	
자동차보험 보종	자동차	231130	없음
간병보험 보종	간병	231130	없음
어린이보험 보종	어린이	231130	없음
재가급여 보험	치매	231130	없음
삼성다드림건강보험	건강	231130	없음
요양원 보험	간병	231130	없음
치아보험순위	치아	231130	없음
종신	종신	231130	없음
건강 보험료 조회	건강	231129	없음
단기여행자보험 가격비교	여행자	231129	없음
운전자보험 필요	운전자	231129	없음
자동차사고 부상등급	운전자	231129	없음
해외여행보험	여행자	231129	없음
간병보험 보험료	간병	231129	없음
개인회생파산신청	머천트	231129	없음
개인회생신청자격조회	머천트	231129	없음
통합 보험관리	통합	231129	없음
종신만기	종신	231129	없음
피부양자 상실	건강	231129	
국민건강보험 상한제	건강	231129	
보험진단비수술비	수술비	231129	없음
토끼 이빨 교정 비용	치아	231129	없음
어린이 보험해지환급금	해지	231129	없음
치아임플란트	치아	231129	없음
건강보험상한제 환급	건강	231129	없음
이걱정없는 치아보험	치아	231129	없음
어린이보험 특약	어린이	231129	없음
삼성화재 재물보험	화재	231129	없음
이빨 교정 비용	치아	231129	없음
간병비 지원사업	간병	231129	없음
해외여행보험 결항	여행자	231128	없음
고용 보험가입 확인	종합	231128	없음
해외여행보험 가격	여행자	231128	없음
운전자대인보험청구서류	운전자	231128	없음
실비 환급	실비	231128	없음
보험 만기	통합	231128	없음
든든한 질병후유장해보험	유병자	231128	없음
내시경검사실비	실비	231128	
일반 화재보험	화재	231128	
일상생활배상책임	화재	231128	없음
임대인 화재보험	화재	231128	
입원일당 실비보험	실비	231128	없음
30세/31세/32세/33세/34세/35세/36세/37세/38세/39세 여성암보험	암	231128	없음
흥국화재 이유다이렉트 자동차보험료	자동차	231128	
갑상선암 보험가입	암	231128	
노인 요양장기 보험제도	간병	231128	없음
피부암 보험금	암	231128	없음
피부양자 자격	건강	231128	없음
중환자실 입원비	건강	231128	없음
20세/21세/22세/23세/24세/25세/26세/27세/28세/29세 남성암보험	암	231127	
가족 일상생활책임보험	화재	231127	없음
국산 임플란트가격	치아	231127	없음
가족일상생활 배상책임보험	종합	231127	없음
20세/21세/22세/23세/24세/25세/26세/27세/28세/29세 남성실비보험	실비	231127	없음
20세/21세/22세/23세/24세/25세/26세/27세/28세/29세 여성실비보험	실비	231127	없음
20세/21세/22세/23세/24세/25세/26세/27세/28세/29세 여성암보험	암	231127	
삼성다이렉트 자동차보험 고객센터 전화번호	자동차	231127	없음
일본 해외여행보험	여행자	231127	
30세/31세/32세/33세/34세/35세/36세/37세/38세/39세 남성실비보험	실비	231127	없음
30세/31세/32세/33세/34세/35세/36세/37세/38세/39세 남성암보험	암	231127	없음
다나와 보험	내보험	231127	없음
해외여행보험 추천	여행자	231127	
30세/31세/32세/33세/34세/35세/36세/37세/38세/39세 여성실비보험	실비	231127	없음
보험공부	종합	231127	없음
4세대 실손 도수치료	실손	231127	없음
일본여행보험추천	여행자	231127	
부분 스케일링 보험	치아	231127	없음
베트남 여행자보험 비교	여행자	231127	
건강보험 조정	건강	231127	없음
삼성화재 원데이 자동차보험	자동차	231127	없음
대구 턱보톡스	머천트	231127	없음
대구 보톡스가격	머천트	231127	없음
대구 침샘보톡스	머천트	231127	없음
실비 약제비 공제	실비	231127	없음
삼성화재 다이렉트 자동차보험 T맵	자동차	231127	없음
KB 원데이보험	자동차	231127	
교보 우리아이보험	어린이	231127	없음
치과교정보험 특약	치과	231127	없음
부모님건강보험 피부양자 등록	건강	231127	없음
DB자동차보험 긴급출동	자동차	231127	없음
KB손해보험 다이렉트	자동차	231127	
허혈성 심혈관	통합	231127	없음
뇌출혈 보험금	종합	231127	없음
실손의료비 뜻	실손	231127	
원데이 운전자보험	운전자	231127	없음
금쪽같은 자녀보험	어린이	231127	
카카오톡원데이보험	자동차	231127	
원데이 자동차보험 카카오	자동차	231127	없음
어린이 유병자보험	유병자	231126	없음
운전자보험보상 사례	운전자	231126	없음
부정교합 치아보험	치아	231126	없음
자동차보험 할인할증조회	자동차	231126	없음
DB 자동차보험	자동차	231125	없음
해외여행자보험 휴대폰	여행자	231125	없음
MG실손보험	실손	231125	없음
삼성화재자동차보험운전자추가	자동차	231124	
실손급여비급여	실손	231124	
실손급여비급여	실손	231124	
해외여행보험 가입	여행자	231124	
실손보험청구앱	실손	231124	없음
삼성화재자동차보험운전자추가	자동차	231124	
착한 실비보험	실비	231124	없음
면책치아보험	치아	231124	없음
보험상해급수	상해	231124	없음
실손보험보험사	실손	231124	없음
실손단체보험	실손	231124	없음
간병인 업체	간병	231124	없음
4세대 실손	실손	231123	없음
암보험 보험사	암	231123	없음
MG수술비보험	수술비	231123	
건강보험 환급금	건강	231123	없음
NH농협보험 실비보험	실비	231123	없음
20대비갱신암보험	암	231123	없음
알콜성 치매보험	치매	231123	없음
4대보험통합징수포털	종합	231123	없음
단기해외여행보험 비교	여행자	231123	
실비 계산	실비	231123	없음
태아보험 사은품	어린이	231122	없음
현대해상 태아보험 추천	어린이	231122	없음
보험통합	종합	231122	없음
무료 보험상담	종합	231122	없음
여행자보험 가격비교	여행자	231122	
아파트화재보험비교험	화재	231122	없음
숨은보험금 찾기	내보험	231122	없음
피부양자	건강	231122	없음
인터넷자동차보험 비교	자동차	231122	없음
한국신용정보원내보험다보여	내보험	231122	없음
차보험사	자동차	231122	없음
피부양자 등록	건강	231122	없음
통풍 진단비	건강	231122	없음
단기 간병인	간병	231121	
상해 의료비	상해	231121	
통합 간병비	간병	231121	없음
용종제거 보험 청구	암청구서류	231121	없음
20대후반자동차보험료	자동차	231121	없음
라이나 치아보험 충치	치아	231121	엇음
암 보험가입	암	231121	
건강보험료 기준	건강	231121	없음
해외 여행자보험	여행자	231120	없음
치과 보험	치아	231120	없음
수액 실비처리	실비	231120	없음
CI종신보험	종신	231120	없음
통합 간병인비용	간병	231120	없음
해외여행보험 비교	여행자	231120	없음
크라운 치아보험	치아	231120	없음
간병비보험비교	간병	231120	없음
수술비 보험청구	수술비청구서류	231120	없음
유병자실비보험비교	실비	231119	없음
4인가구 보험료	종합	231119	없음
어린이보험 가입 후기	어린이	231119	없음
내 자동차보험 찾기	자동차	231119	없음
갑상선암 진단금	자동차	231119	없음
직업군인 보험	종합	231119	없음
대장 선종 수술	수술비	231119	없음
질병 사망보험	종신	231119	없음
코로나검사실비	실비	231119	없음
체외 충격파치료 실비	실비	231119	없음
대장내시경 용종제거	암	231119	없음
독감 진단비	건강	231119	없음
NH연금저축보험	저축	231119	없음
턱교정보험	치아	231119	없음
안구건조 실비	실비	231119	없음
교통사고보험MRI	운전자	231119	없음
DB 운전자보험 자부상	운전자	231118	없음
일상상해보험	상해	231118	없음
자녀 보험추천	어린이	231117	없음
실비보험청구금액	실비청구서류	231117	없음
독감보험가입	종합	231117	없음
실손 중지	실손	231117	
자동차보험료 조회 이벤트	자동차	231117	
암보험 보장금액	암	231117	없음
ct실비보험	실비	231117	없음
에이스 치아보험 전화번호	치아	231117	
4세대 실비보험 할증	실비	231117	없음
실손보험바로청구	실손	231117	
실손보험가입 거절	실손	231117	
실손보험 중지 제도	실손	231117	
건강보험 퇴직	건강	231116	없음
건강보험 상실	건강	231116	없음
치아보험 보철	치아	231116	없음
실손 전환	실손	231116	없음
운전자보험 실비	운전자	231116	없음
KB 다이렉트	자동차	231116	없음
어린이보험 보장	어린이	231116	없음
자동차보험료배기량	자동차	231116	없음
치아보험 만기	치아	231116	없음
치매 보험가입	치매	231116	없음
틀니 건강보험	건강	231116	없음
건강보험 피부양자자격	건강	231116	없음
노인 보험비교	치매	231116	없음
자동차보험 담보	자동차	231115	없음
갑상선암 수술 보험	암	231115	없음
운전자보험료계산	운전자	231115	
간호간병 통합	간병	231115	없음
통합간호간병서비스	통합	231115	없음
실비보험 가입확인	실비	231115	없음
어린이보험일반보험	어린이	231115	없음
차량보험회사	자동차	231115	없음
실손보장	실손	231115	
중환자실보험	종합	231115	없음
자동차건강보험료계산	건강	231115	없음
독감진단비보험	건강	231115	없음
실손의료비 비급여	실손	231115	없음
암진단금 중복	암	231115	없음
암진단금 중복	암	231115	
실비청구 횟수	실비 청구서류	231114	없음
실손 보험인상	실손	231114	없음
치아임플란트 가격	치아	231114	없음
실손한도	실손	231114	없음
암환자간병인보험	간병	231114	
DB손해보험 청춘어람종합보험	통합	231114	없음
치아 보험비교사이트	치아	231114	
비갱신형 간병비보험	간병	231114	없음
암보험 만기 환급	암	231113	
자동차보험료 이벤트	자동차	231113	없음
다빈치로봇수술보험	통합	231113	없음
지방종 수술보험	수술비	231113	
미국 자동차보험료	자동차	231113	
전세준 집 누수	화재	231113	없음
전세집화재	화재	231113	없음
캐롯 퍼마일 자동차보험 긴급출동	자동차	231113	없음
암 면책기간	암	231113	없음
한화 자동차보험 긴급출동	자동차	231113	없음
현대자동차 보험	자동차	231113	없음
AIA 암보험	암	231113	없음
AIA생명암보험	암	231113	없음
DB 40대질병수술비	수술비	231113	없음
신한큐브종합건강상해보험	상해	231113	없음
자동차사고 보험	자동차	231113	없음
삼성생명종신보험해지	종신	231112	없음
교통사고 이력조회	자동차	231112	없음
종신보험이자	종신	231112	없음
맘모톰 수술비 보험	수술비	231112	없음
노인장기요양보험 신청	간병	231111	없음
장기요양보험료 계산	간병	231111	없음
참좋은 운전자보험	운전자	231111	없음
DB참좋은운전자보험	운전자	231111	없음
캐롯퍼마일자동차보험 단점	자동차	231111	없음
법인 운전자보험	운전자	231110	
나의 보험조회	내보험	231110	없음
암진단비	암	231110	없음
자동차보험 증명서	자동차	231110	
보험비교 견적	자동차	231110	없음
일본 해외여행자보험	여행자	231110	없음
노인 임플란트 혜택	치아	231110	없음
암보험금지급기간	암	231110	없음
수술비 보험추천	수술비	231110	없음
항암보험 가입	암	231110	없음
자궁근종수술비보험	수술비	231110	없음
암보험 특약	암	231110	없음
상해 뜻	상해	231110	없음
학교상해보험	상해	231110	없음
실손의료비 중복	실손	231110	없음
실손 보험환급	실손	231110	없음
운전자 보험	운전자	231110	없음
실비보험도수치료횟수	실비	231110	없음
다이렉트 운전자보험비교사이트	운전자	231110	
실손 보험비	실손	231110	없음
실손보험가입 조건	실손	231110	
건강보험 공단	건강ㅇ	231110	없음
에이스 어린이치아보험	치아	231110	
간병인 보험가입 조건	간병	231110	없음
어린이보험설계사	어린이	231110	
노인장기요양보험 제도	간병	231110	없음
해외여행자보험 가격	여행자	231110	
도수치료실비 거부	실비	231110	없음
미국 건강보험	건강	231110	없음
삼성화재건강보험	건강	231110	없음
국민건강보험 환급 신청	건강	231110	없음
건강보험 납부	건강	231110	없음
어금니임플란트가격	치아	231110	
건강보험 혜택	건강	231110	없음
여성 질병보험	종합	231110	없음
3대질병 진단비	진단비	231110	
KB 어린이보험	어린이	231109	없음
4세대 실손보험 비급여	실손	231109	없음
치과보험 조건	치아	231109	
수술비보험청구서류	수술비청구서류	231109	없음
저렴한 상해보험	상해	231109	
암보험 가입 90일	암	231109	
롯데손해보험실비청구방법	실비 청구서류	231109	없음
동부화재 어린이보험	어린이	231109	없음
대장용종수술비	수술비	231109	없음
동부다이렉트자동차보험긴급	자동차	231109	없음
동부화재운전자보험청구	운전자 청구서류	231109	없음
누수 책임보험	화재	231109	없음
가족 간병보험	간병	231109	없음
재발 암보험	암	231109	없음
원데이 보험	자동차	231109	
운전자보험 1년	운전자	231109	없음
삼성다이렉트 암보험	암	231109	없음
대장 용종 제거 수술비	수술비	231109	없음
삼성다이렉트 자동차보험 사고접수	자동차	231109	없음
맘모톰 실비청구	실비청구서류	231109	없음
다이렉트자동차보험비교견적사이트 순위	자동차	231109	
대장내시경 용종 실비	실비	231109	없음
아파트 천장 누수 비용	화재	231109	없음
간병비 계산	간병	231109	없음
교보생명 실비보험청구서류	실비청구서류	231109	없음
뇌진탕 보험	종합	231109	없음
교보생명 실비보험청구	실비청구서류	231109	없음
유병자 실손의료보험	실손	231109	
건강검진 실손보험	실손	231109	없음
어금니 임플란트 비용	치아	231109	없음
실금 골절진단비	진단비	231109	없음
갈비뼈 골절진단비	통합	231109	없음
일상배상책임보험 자동차	자동차	231109	없음
국민건강보험 환급	종합	231109	
다이렉트 자동차보험	자동차	231109	없음
신장 보험	종합	231109	없음
요양 보험	간병	231109	없음
라이나 치아보험 해지	치아	231109	없음
국민건강보험 환급금 조회	건강	231109	없음
간호통합일당	간병	231109	
메리츠올바른암보험 2306	암	231108	없음
KB 어린이보험	어린이	231108	
치과 보험료	치과	231108	
4대보험통합징수포털	통합	231108	
주택화재보험 추천	화재	231108	없음
다이렉트자동차보험 저렴한곳	자동차	231108	없음
실손 의료비 공제	실손	231108	
운전자보험 가입기간	운전자	231108	없음
미국 자동차보험가입	자동차	231108	없음
건강보험료 환급 조회	건강	231108	
현대해상심혈관	통합	231108	없음
저렴한 상해보험	상해	231108	없음
간호간병 통합	간병	231108	없음
메리츠 실비 서류	실비	231108	
암보험 보장 기간	암	231108	
숨은 보험금	내보험	231108	없음
KB 생명보험	종신	231108	없음
AIA 생명보험	종신	231108	없음
다이렉트 보험비교	자동차	231108	없음
법인 자동차보험비교	자동차	231108	
운전자보험 자부상 14급	운전자	231107	없음
에이스 어린이치아보험	치아	231107	
메리츠간병보험비교	간병	231107	없음
메리츠 치아보험 청구	치아청구서류	231107	없음
현대해상보험금청구기간	통합	231107	없음
운전자보험전문비교사이트		231107	
DB손해보험실비서류	실비	231107	없음
암보험 만기환급형	암보험	231107	없음
주택화재보험 환급	화재	231107	없음
운전자보험 대인 대물	운전자	231107	없음
상해 의료비	상해	231107	없음
자동차보험 의무 가입	자동차	231107	없음
어린이보험 도수치료어	어린이	231107	없음
표적항암치료비용 실비	실비	231107	없음
근로자 상해보험	상해	231107	없음
어린이보험 고지의무	어린이	231107	없음
자동차보험 조회 이벤트	자동차	231107	없음
치과보험 조건	치아	231107	없음
치과보험 크라운	치아	231107	없음
보험상해수술비	수술비	231107	없음
종신보험실효	종신	231107	없음
한화생명보험 해약	종합	231107	없음
보험 다모아	종합	231107	없음
운전자보험사고보상 이미지	운전자	231107	
라이나 치아보험 해지	치아	231107	없음
통합보험	통합	231106	없음
갑상선 암보험가입	암	231106	없음
암보험 가입후	암	231106	없음
암보험 가입 90일	암	231106	없음
자동차보험가입 금액	자동차	231106	없음
이걱정없는 치아보험	치아	231106	
4세대 실손보험 할증	실손	231106	없음
DB 질병수술비	수술비	231106	없음
4세대 실손보험 통원	실손	231106	없음
가족 간병보험	간병	231106	없음
아이 간병인보험	간병	231106	없음
요양병원간병인비용	간병	231106	없음
치매보험 필요성	치매	231106	없음
운전자보험 가입 나이	운전자	231106	없음
내차보험 이력	자동차	231106	없음
4세대 실손 면책기간	실손	231106	없음
신축아파트 화재보험	화재	231106	없음
치아보험해약	치아	231106	없음
저축형 종신보험	종신	231106	없음
건강 종신보험	종신	231106	없음
학교상해보험	상해	231106	없음
재발 암보험	암	231106	없음
임플란트치아구멍	치아	231106	
다이렉트 상해보험	상해	231106	없음
유니버설 종신보험	종신	231106	없음
국민건강보험 환급	건강	231106	없음
내보험다보여주소	내보험	231106	없음
부모님 실비보험	실비	231106	
내보험다보여싸이트	내보험	231106	없음
4세대 실손	실손	231106	
베트남 여행자보험 비교	여행자	231105	없음
2대 질병보험	진단비	231105	없음
통합 간병비보험	간병	231105	없음
내 보험 확인하기	내보험	231105	없음
한문철운전자보험특약	운전자	231104	없음
65세 실비보험	실비	231104	없음
다빈치로봇수술보험	통합	231104	없음
통합 암진단비	통합	231104	없음
일상상해보험	상해	231104	없음
치과보험 중복	치아	231104	없음
치과보험 중복	치아	231104	없음
국민보험환급	건강	231103	없음
20대암보험	암	231103	
실손 의료비보험	실손	231103	없음
피부양자 등록	건강	231103	없음
임플란트 수술비보험	수술비	231103	없음
치아보험 보철	치아	231103	없음
보험청구 서류	청구서류	231102	없음
다이렉트자동차보험 순위	자동차	231102	없음
치아보험 만기	치아	231102	없음
무배당하이카운전자상해보험일반상해후유장해	상해	231102	없음
해외여행자보험 가격 비교	여행자	231102	없음
해외여행자보험 가격 비교	여행자	231102	y
30대 자동차보험료	자동차	231102	없음
종신보험 상속	종신	
3대질병 진단비	건강	
80대메리츠 The간편한건강보험	건강	
KB하루운전자보험	운전자	
단독실손의료보험	실손	
원룸 화재보험	화재	
여성 질병보험	종합	
화재보험수당	화재	
내보험다보여사이트	내보험	
건강보험 정산	건강	
현대 화재보험	화재	
4세대 실손 도수치료	실손	
한방의료보험약	종합	
실손보험 세대	실손	
한문철운전자보험	운전자	
실손보험 건강보험	실손	
암보험가입 나이	암	
AXA 다이렉트자동차보험	자동차	
실비보험청구금액	실비청구서류	
실손 공제금액	실손	
DB다이렉트 운전자보험	운전자	
치과보험청구사 2급	치아청구서류	
현대해상어린이보험금청구	청구서류	
치아 보험청구서류	청구서류	
하나손해보험 운전자보험	운전자	
db운전자보험청구서류	청구서류	
치과보험청구사 3급 시험	치아청구서류	
어린이암보험나이	암	
건물 화재보험	화재	
3대질병보험 추천	종합	
3대 질병보험	진단비	
국민건강보험	건강	
여성 질병보험3대 질병보험	통합	
운전자 보험	운전자	
보험 사고이력	내보험	
KB치아보험	치아	
착한 실비보험	실비	
숨은보험금 찾기	내보험	
실비보험만가입	실비	
4세대 실손보험 계산	실손	
운전자 책임보험	운전자	
삼성다이렉트 자동차보험 고객센터	자동차	
맘모톰메리츠실비	실비	
메리츠수액실비	실비	
캐롯자동차보험 고객센터전화번호	자동차	
LIG생명보험	통합	
간편 암보험	암	
에이스 치아보험 고객센터	치아	
자동차보험 다이렉트 설계사	자동차	
자동차 보험처리 할증	자동차	
신한생명보험상품	통합	
메리츠화재해상보험	통합	
다이렉트 자동차보험	자동차	
자동차 보험료 계산기	자동차	
DB요양실손보험	실손	
어린이보험설계사	어린이	
삼성치아보험 청구	청구서류	
유사암 제외	암	
AIG 치아보험 청구	치아청구서류	
악사치아보험청구	치아청구서류	
현대해상실손보험청구	실비청구서류	
삼성화재 실비청구방법	청구서류	
메리츠화재실비보험서류	실비 청구서류	
자동차보험대체	자동차	
자동차보험 조회 혜택	자동차	
차량보험가입증명서	자동차	
자동차보험대물할증	자동차	
삼성화재 자동차보험 할인	자동차	
자동차보험 벌금	자동차	
DB 다이렉트운전자보험	운전자	
악사 다이렉트 자동차보험 고객센터	자동차	
우체국 실비보험 갱신	실비	
일일 자동차보험 당일	단기	
자동차보험 일상생활배상	자동차	
캐롯운전자보험	운전자	
교보생명 실손보험청구	실손청구서류	
현대해상 실비보험 가입	실비	
삼성화재치과보험청구	치아	
라이나 치아보험 인레이	치아	
농협 실손보험청구	실손	
현대해상 자동차보험 조회	자동차	
kb손해보험 운전자보험	운전자	
자동차보험가입서류	자동차	
KB 실손보험	실손	
삼성화재 운전자보험 청구	운전자	
DB 실손보험청구	실손	
삼성화재운전자보험부부	운전자	
삼성화재다이렉트운전자보험	운전자	
온라인보험슈퍼마켓 보험다모아	통합	
치과 보험청구기간	치아청구서류	
실손보험자동청구	실손	
메리츠 실비보험 청구	청구서류	
메리츠 치아보험 서류	치아	
라이나 치아보험 크라운	치아	
자동차보험가입 시간	자동차	
삼성다이렉트 자동차보험 이벤트	자동차	
토스자동차보험조회	자동차	
삼성화재 다이렉트 운전자보험	운전자	
자동차보험 갱신 혜택	자동차	
현대해상 자동차보험 혜택	자동차	
캐롯자동차보험 전화번호	자동차	
자동차 보험료 계산 혜택	자동차	
롯데자동차보험고객센터	자동차	
캐롯퍼마일자동차보험 사고접수	자동차	
캐롯퍼마일자동차보험 단점	자동차	
캐롯자동차보험 긴급출동	자동차	
자동차보험 나이 구간	자동차	
법인차량 조회	자동차	
법인차량 조회	자동차	
차량이력조회	자동차	
동부화재 실손보험 청구	실손청구서류	
동부화재 실손보험 청구	실손청구서류	
삼성화재실손보험청구	실손청구서류	
메리츠화재실비보험청구서류	실비청구서류	
생명 보험시험	생명	
동부 간병인보험	간병	
메리츠 상해보험	상해	
임대아파트 누수	화재	
실손보험청구비급여	실손청구서류	
실손보험비급여보상	실손	
맘모톰 수술비 보험	수술비	
암 보험가입	암	
종신보험 피보험자	종신	
KB자동차보험 갱신	자동차	
유럽 해외여행자보험	여행자	
현대해상운전자보험	운전자	
DB치아보험	치아	
80세가입암보험 대장암수술비용	암	
유병자 수술비보험	유병자	
80세 보험가입	실비	
치아보험 2년	치아	
간병인보험 필요	간병	
성인어린이보험추천	어린이	
건강보험 피부양자	건강	
현대해상4세대실손보험	실손	
한화 종신보험	종신	
간병비보험 비용	간병	
실비보험 계산	실비	
유병자 간병보험	유병자	
암보험 한도	암	
실손보험중복	실손	
실손보험환급	실손	
치매 보험청구	치매청구서류	
한화 실손의료보험	실손	
초기 대응 플랜	운전자	
운전자보험상해보상	운전자	
무릎인공관절 보험	통합	
숨은 예금	내보험	
내 보험금 찾아줌	내보험	
다이렉트 운전자보험추천	운전자	
산재 상해보험	상해	
삼성 다이렉트 암보험	암	
내 보험진단	내보험	
라이나실버치아보험	치아	
암 종신보험	종신	
DB다이렉트 긴급출동	자동차	
종신보험 이율	종신	
DB자동차보험 할증	자동차	
보험 종수술비	수술비	
흥국 치매보험	치매	
라이나 치아보험 전화번호	치아	
수술비보험 후기	수술비	
자동차보험료 카드	자동차	
내 집 누수 보험	화재	
112대질병수술비	수술비	
보험가입 금액	통합	
119대질병수술비	수술비	
유병자 보험	유병자	
운전자보험 초기대응	운전자	
해외여행자보험 가격비교	여행자	
관절 보험	통합	
치매 간병보험	간병	
다이렉트보험 뜻	자동차	
심혈관 진단비	진단비	
자동차다이렉트보험 조회	자동차	
어린이부정교합보험	치아	
우체국보험 서류	통합	
종신보험 필요	종신	
건강보험 직장가입자	건강	
우체국보험실비청구앱	실비청구서류	
건강보험 미가입자	건강	
실비보험 가입후	실비	
라이나 치아보험 청구 기간	치아	
건강보험 피부양자등록	건강	
원데이 자동차보험 비교	자동차	
건강보험 피부양자 조회	건강	
종합 보험	종합	
KB손해보험간병보험	간병	
일본 여행자보험 비교	여행자	
롯데 간병인보험	간병	
여유증 수술비보험	수술비	
용종제거 실비 청구	실비	
실손보험 청구 앱	실손	
자차 할증 기준	자동차	
운전자보험비용	운전자	
용종 질병수술비	수술비	
임의 비급여 실비	실비	
실손 보험료	실손	
40대 질병수술비	수술비	
실손의료비 계산	실손	
임플란트 지원	치아	
스켈링 의료보험 적용	치아	
스케일링 치아보험	치아	
펜션 화재보험	화재	
스켈링 의료보험 비용	치아	
내보험 찾기	내보험	
KB실비보험청구	실비청구서류	
라이나 치아보험 방법	치아	
윗집 누수 보상 금액	화재	
메리츠화재 실비 청구	실비청구서류	
윗집누수 피해 보상	화재	
일상생활 배상책임보험 가입	화재	
현대해상 실비 보험청구	실비청구서류	
생활보상보험	화재	
어린이보험 혜택	어린이	
치아보험 보장	치아	
비갱신형 간병보험	간병	
보험료 비교	통합	
라식 수술 실비 보험	실비	
도수치료실비 횟수	실비	
생명보험 대리점	생명	
상해보험 중복	상해	
삼성화재자동차보험긴급출동	자동차	
암 건강보험	건강	
캐롯 퍼마일 자동차보험 후기	자동차	
치아 보험비교	치아	
20대 30대 40대 평균 보험료	통합	
실손보험 급여	실손	
목조 주택화재보험	화재	
종신 보험해지환급금	종신	
통풍진단비	진단비	
자동차보험료 할인	자동차	
우체국 보험추천	통합	
내 숨은 보험금 찾기	내보험	
간병인보험 청구	간병청구서류	
삼성 정기보험	정기	
자동차보험료 무이자	자동차	
중고차 보험이력조회	자동차	
자동차보험료 경력	자동차	
자동차보험료 부모님	자동차	
치과보험 3급	치아	
종신보험해지 후기	종신	
우체국 종합보험	통합	
실비 전환	실비	
KB 자동차보험	자동차	
단체 상해보험	상해	
치아 상해보험	상해	
암보험 1억	암	
라이프플래닛E정기보험	정기	
교통사고 실비보험	실비	
자동차보험료 결제	자동차	
DB 다이렉트자동차보험	자동차	
다이렉트 암보험 비교	암	
암진단금 1억	진단비	
DB 간병보험	간병	
종신 보험	종신	
내보험 분석	내보험	
일일 운전자보험 가격	운전자	
치아보험 1년	치아	
20대 암보험추천	암	
입원 보험	입원비	
4세대 실손보험청구	실손	
DB생명치매보험	치매	
메리츠 다이렉트자동차보험	자동차	
간병보험 나이	간병	
유방암 치료비	암	
삼성자동차다이렉트	자동차	
아파트공동화재보험	화재	
어린이보험 2개	어린이	
뇌진탕보험	통합	
단기운전자보험 가입	운전자	
운전자보험 가입여부	운전자	
운전자보험 가입여부	운전자	
골절 상해보험	상해	
가입된 보험 조회	내보험	
간병인사용일당	간병	
캐롯퍼마일자동차보험 갱신	자동차	
재식립임플란트보험	치아	
어린이 상해보험	상해	
자동차보험 다이렉트 차이	자동차	
자동차보험 견적 포인트	자동차	
가족 운전자보험	운전자	
집주인 화재보험	화재	
자동차종합보험 다이렉트	자동차	
4세대 실손보험 가입	실손	
자동차보험 가격 비교	자동차	
운전자보험 가입 조건	운전자	
위내시경 용종 실비	실비	
운전자보험 가입 이유	운전자	
국가 건강검진 실비	실비	
실비보험 50대	실비	
유사암 면책기간	암	
KB치아보험청구	치아청구서류	
70세이상 암보험	암	
실비갱신보험료	실비	
암보험가입 한도	암	
운전자보험 일반상해	운전자	
실비청구보험료인상	실비청구서류	
자동차보험 할인 특약	자동차	
어린이 실비보험 가격	실비	
요양 실손보험	실손	
수액 실손보험	실손	
실손 가입	실손	
운전자보험 가입 방법	운전자	
폐암 보험	암	
자동차보험 기간	자동차	
어린이보험 장점	어린이	
20대 보험추천	통합	
20대 어린이보험 추천	어린이	
삼성화재 다이렉트	자동차	
라이나생명치아보험 후기	치아	
항암치료실비	실비	
비갱신어린이보험추천	어린이	
일반암진단비	암	
비갱신형 어린이보험	어린이	
삼성 자동차보험 일일 보험	자동차	
카카오 원데이보험	자동차	
50대 남자 보험	통합	
30대 보험추천	통합	
우체국보험실비서류	실비청구서류	
치아 임플란트	치아	
삼성 실손보험청구	실손	
운전자보험 상해 특약	운전자	
실손보험 청구	실비청구서류	
자동차보험중복가입	자동차	
20대 실비보험 가격	실비	
실손의료보험 추천	실손	
유치 치아보험	치아	
보험조회 어플	내보험	
치매보험 나이	치매	
현대해상 운전자보험 보상	운전자	
영업용 운전자보험비교	운전자	
수술비 보험비교	수술비	
뇌출혈 진단비	진단비	
표적암치료	암	
원데이보험 당일	자동차	
간병인 체증형	간병	
355 유병자보험	유병자	
간병인 특약	간병	
군복무 상해보험	상해	
우체국보험 콜센터	통합	
눈 보험	통합	
우체국보험 고객센터	통합	
우체국보험 조회	통합	
어린이 암보험 추천	암	
전립선암 보험금	암	
치아보존치료보험 가입 조건	치아	
아이치아보험 비교사이트	치아	
자동차보험 비	자동차	
종합 암보험	암	
수면 위내시경 실비	실비	
네이버페이 자동차보험	자동차	
다이렉트 암보험 비교사이트	암	
자동차보험자동갱신	자동차	
내보험 알아보기	내보험	
DB다이렉트자동차보험 티맵	자동차	
단독 주택화재보험	화재	
상가임대인화재보험	화재	
1세대 4세대 실손보험	실손	
질병종수술비보험	수술비	
상해보험 서류	상해	
간병비보험 체증형	간병	
KB자동차보험 환급	자동차	
자동차보험료 조회	자동차	
상해보험 청구	상해	
어린이보험 가입 연령	어린이	
치매 간병인보험	간병	
자동차보험 갱신 기간	자동차	
농협 상해보험	상해	
금융감독원 어린이보험	어린이	
자동차보험 동일증권 장점	자동차	
자동차보험 할증 기간	자동차	
자동차보험 할증 기간	자동차	
자동차 대물배상	자동차	
자동차보험 갱신 날짜	자동차	
축사 화재보험	화재	
유병자 실손 보험	유병자	
유병자 뜻	유병자	
어린이보험 수술비	어린이	
간호통합서비스 보험	간병	
상해보험 처리	상해	
실손버험 수술비	실손	
공장 화재 보험	화재	
어린이보험 성인	어린이	
자동차보험료 증가	자동차	
유사암 수술비	수술비	
치아 보험	치아	
임시 운전자보험	운전자	
항암치료 실비	암	
유병자 종합보험	유병자	
제왕절개 수술비보험	수술비	
유병자 건강보험	건강	
통합 암보험	암	
비갱신암보험 가입순위	암	
위내시경 종양	실비	
노인요양장기보험	간병	
다양한 간병보험비교	간병	
노인건강보험 부모님	건강	
운전자보험 비갱신	운전자	
보험갱신 비갱신	통합	
유병자 간병인보험	유병자	
유병자 간병비보험	유병자	
인공관절 수술비보험	수술비	
간호간병서비스 보험	간병	
체증형 간병인보험	간병	
단기 종신보험	종신	
종신 보험해지	종신	
성인 어린이보험 추천	어린이	
화재보험누수	화재	
nh농협 암보험	암	
갱신 비갱신	암	
실비 금액	실비	
암보험가입 시기	암	
위 선종 보험	암	
응급실 실비 보험	실비	
60대 간병인보험	간병	
유방암 0기 보험	암	
일반 음식점화재보험	화재	
다이렉트 자동차보험료비교견적	자동차	
4세대 실비보험 전환	실비	
4세대 실비보험 전환	실비	
자동차보험 갱신 방법	자동차	
암보험 용종	암	
화재 보험가입	화재	
70대치아보험	치아	
갑상선암	암	
자동차 일일보험	자동차	
실비보험 청구기간	실비	
뇌혈관질환 종류	통합	
뇌혈관질환 종류	통합	
현대해상 어린이보험 실비	어린이	
실비청구시필요서류	실비	
보험금 찾기	내보험	
여성 보험	암	
어린이보험 금액	어린이	
70대,60대,40대,30대 치매보험	치매	
61세,51세,40세,11세치아보험	치아	
비갱신 암보험추천	암	
라이나생명 치과보험 청구	치아	
실손보험 보장 범위	실손	
실비보험청구기간	실비청구서류	
라이나 치아보험 청구	치아	
100세,31세,29세,25세,21세,20세어린이보험	어린이	
자녀보험어린이보험	어린이	
80세,60세,40대 사망정기보험	정기	
리치 간병보험	간병	
주택화재보험비교사이트 추천	화재	
70세간병보험	간병	
간병 보험후기	간병	
KB자동차보험 티맵	자동차	
자동차보험삼성KB	자동차	
KB자동차보험 일일보험	자동차	
재가급여보험 치매보험 가격	치매	
암환자 암보험	암	
건강검진 위내시경 실비	실비	
국가검진 위내시경 실비	실비	
위내시경 실비 서류	실비	
DB자동차보험 할인	자동차	
DB다이렉트자동차보험 1일	자동차	
자동차보험만기일갱신	자동차	
자동차보험 갱신 시기	자동차	
위내시경비용실비	실비	
현대해상 자동차보험 고객센터	자동차	
자궁 암보험	암	
농협어린이보험	어린이	
어린이 보험	어린이	
우체국연금 보험	통합	
인터넷 자동차보험 비교	자동차	
우체국4세대실손보험	실손	
자동차보험 갱신 할인	자동차	
일반상해의료비 암보험	암	
한문철운전자보험가입	운전자	
비급여실비보험청구	실비청구서류	
단독실비보험 가입	실비	
어린이보험 연령	어린이	
삼성화재 다이렉트 보험	자동차	
종합 보험가입	통합	
삼성 다이렉트자동차보험	자동차	
재해 사망보험	종신	
KB 다이렉트자동차보험	자동차	
소액암 유사 암	암	
DB다이렉트자동차보험긴급출동	자동차	
어린이보험 나이 제한	어린이	
골절 보험	통합	
암보험금 청구서류	암청구서류	
신협 암보험	암	
암 사망보험금	암	
용종 보험금	암	
임플란트보험후기	치아	
치아보험 청구	치아청구서류	
다이렉트 자동차 보험 비교	자동차	
암 보험료	암	
우체국보험고객센터전화번호	통합	
실비보험비교사이트 순위	실비	
아파트화재보험 비용	화재	
피지낭종 수술비보험	수술비	
질병 수술비보험	수술비	
녹네장 보험	통합	
운전자보험 자차	운전자	
건강 보험공단 임플란트	치아	
실손의료보험 실비	실비	
삼성화재 다이렉트 자동차보험 가입	자동차	
실비 보험가입	실비	
국토부 실거래가 조회	법인재무	
국토부아파트실거래가조회	법인재무	
50대암보험 추천	암	
우체국보험청구 어플	통합청구서류	
폐암 보험금	암	
어린이 실손보험	실손	
간병보험 추천	간병	
치아보험보험금청구	치아청구서류	
운전자보험 다이렉트 설계사	운전자	
삼성운전자보험 보장 내용	운전자	
다이렉트 실비보험	실비	
우체국보험 앱	종합	
유병자실비보험 가입 조건	실비	
운전자보험 하루	운전자	
삼성화재 다이렉트 할인	통합	
유아보험 가입나이	어린이	
외국인 실비보험	실비	
실손보험 가입조건	실손	
치아보험 약관	치아	
정기보험 만기	정기	
국내여행자보험 가입	여행자	
50대 여성보험	통합	
종신보험만기 환급	종신	
운전자보험보상서류	운전자청구서류	
MG손해보험	통합	
LIG희망플러스	통합	
국토교통부 아파트 실거래가	법인재무	
삼성보험청구	통합청구서류	
60대실비보험 가입나이	실비	
소액암유사암	암	
가업승계 증여세 과세특례	법인재무	
무형자산	법인재무	
성실신고대상자	법인재무	
개인사업자 법인전환	법인재무	
법인 컨설팅	법인재무	
중소기업 지원사업 대상	법인재무	
정부 지원 중소기업	법인재무	
벤처기업확인서 발급절차	법인재무	
자사주 매입 소각 효과	법인재무	
2023년 온라인수출플랫폼 사업	법인재무	
KB자동차보험견적	자동차	
직무발명보상금 비과세 혜택	법인재무	
특허권 감가상각	법인재무	
상속세 증여세 납부유예제도	법인재무	
기업부설연구소 설립	법인재무	
암보험 갱신 비갱신	암	
한문철 운전자보험 비용	운전자	
비갱신 어른이보험	어린이	
DB다이렉트자동차보험 원데이	자동차	
사망보험 금액	종신	
실손보험 한도	실손	
중소기업컨설팅 리스크	법인재무	
이익잉여금 배당	법인재무	
2023년 혁신형 중소기업 방송광고 지원사업	법인재무	
가수금 가지급금	법인재무	
2023년 중소기업 네트워크형 기술개발사업	법인재무	
실손보험 확인	실손	
명의신탁자와 명의수탁자	법인재무	
단기 해외여행자보험 비교	여행자	
단기 여행자보험추천	여행자	
세무조정계산서 법인세	법인재무	
법인임대사업자 장단점	법인재무	
2023년 물류전용 수출바우처사업	법인재무	
2023년 건강친화기업 인증 혜택	법인재무	
사업양도양수 조세특례	법인재무	
가지급금 인정이자율	법인재무	
문화산업완성보증사업	법인재무	
자사주 매입 계획	법인재무	
법인세 감면제도 세제혜택	법인재무	
2023년 공공조달 상생협력 지원사업	법인재무	
자동차보험료 비교	자동차	
2023년 팁스 창업기업 지원사업	법인재무	
2023년 중진공 정책자금	법인재무	
자동차 보험조회	자동차	
대표이사 가수금	법인재무	
이익소각	법인재무	
1인 법인 설립	법인재무	
kb손해보험 의료실비	실비	
산업재산권 종류	법인재무	
GDP 뜻	법인재무	
기업신용등급 평가	법인재무	
무형자산 자본화 효과	법인재무	
대중교통 할인 방법	법인재무	
해외여행자보험추천	여행자	
사망보험 가입	종신	
종합보험 암보험	암	
전기오토바이 보험료	이륜차	
가지급금 정리	법인재무	
간병인 보험비교	간병	
이익소각 절세	법인재무	
125cc 오토바이 보험료	이륜차	
오토바이 보험료 계산	이륜차	
기업부설연구소 설립 신청	법인재무	
실비 보험료	실비	
신혼부부 보험가입	통합	
과세전 적부심사제도 절차	법인재무	
가업상속공제	법인재무	
최저임금 위반 시 벌금	법인재무	
이월결손금	법인재무	
기타소득 필요경비율	법인재무	
해외여행자보험 추천	여행자	
흥국생명 보험청구	통합청구서류	
이익소각 효과	법인재무	
재가 보험	치매	
aia보험청구	통합청구서류	
교보생명 실비보험 청구	실비청구서류	
오토바이 보험료	이륜차	
KB자동차보험 다이렉트	자동차	
김천가족사진	사진관	
가족사진컨셉	사진관	
국내 여행자보험 비교	여행자	
일본 여행자보험 추천	여행자	
경산가족사진	사진관	
다이렉트 자동차보험료비교견적사이트	자동차	
고령자 계속고용장려금 대상	법인재무	
특수관계인 범위	법인재무	
간병보험 체증형	간병	
암보험 얼마	암	
우체국보험실비청구서류	실비청구서류	
다이렉트 정기보험	정기	
자동차보험비교 견적	자동차	
비갱신형 간병인보험	간병	
실비보험 암	실비	
장기렌트가격비교	자동차	
인천서구가족사진	사진관	
배곧가족사진	사진관	
광명 가족사진	사진관	
이익잉여금 뜻	법인재무	
법인 자본금 증자	법인재무	
연구인력개발비 세액공제	법인재무	
우체국보험실비청구방법	실비청구서류	
이월결손금 공제한도	법인재무	
경영컨설팅회사	법인재무	
현대해상 다이렉트자동차보험 주행거리	자동차	
운전자 보험청구서류	운전자청구서류	
간호간병보험	간병	
달서구가족사진	사진관	
계양구가족사진	사진관	
부천 가족사진	사진관	
가지급금 인정이자 계산	법인재무	
법인세 세율	법인재무	
벤처기업 뜻	법인재무	
부채비율 계산법	법인재무	
주식회사 설립	법인재무	
실비 보험가입 조건	실비	
실비보험 뜻	실비	
고령자 계속고용장려금	법인재무	
최저임금 위반	법인재무	
자기주식 취득	법인재무	
법인세 감면제도	법인재무	
대구 가족사진	사진관	
메리츠 운전자보험보험료계산	운전자	
해외 여행자보험 비교	여행자	
광명가족사진	사진관	
대가족사진의상	사진관	
부평 가족사진	사진관	
가족사진 의상대여	사진관	
대구가족사진스튜디오	사진관	
선천이상진단비	진단비	
유병력자 암보험	암	
암 보험금	암	
라이나 치아보험 청구 후기	치아청구서류	
한화생명보험	통합	
하나손해보험	통합	
기업부설연구소 신청	법인재무	
이노비즈기업	법인재무	
자기주식소각	법인재무	
비상장주식평가	법인재무	
자동차 보험 계산	자동차	
홈쇼핑 보험	통합	
db손해보험 이륜차	이륜차	
전기스쿠터 보험	이륜차	
우체국보험 홈페이지	통합	
차등배당	법인재무	
이익잉여금 처분	법인재무	
무배당 이조은 치아보험보험비교사이트	치아	
암보험 효력	암	
4세대 실손보험 갱신	실손	
운전자보험 꼭	운전자	
치아보험 보험금	치아	
법인 가수금	법인재무	
사내근로복지기금	법인재무	
부모님 간병인보험	간병	
라이나생명 치아보험 치과실비 청구 후기	실비청구서류	
갱신형 암보험 추천	암	
부천가족사진	사진관	
구미가족사진	사진관	
인천가족사진	사진관	
시흥가족사진	사진관	
사망보험추천 가입	종신	
가지급금	법인재무	
디비 펫보험	펫	
DB손해보험 펫보험	펫	
가지급금 뜻	법인재무	
이익잉여금	법인재무	
자사주소각	법인재무	
간병비보험 추천	간병	
4세대 실손보험 단점	실손	
법인설립 절차	법인재무	
현물출자	법인재무	
실비 암보험	암	
법인 세무조사	법인재무	
법인세 경정청구	통합청구서류	
1인법인설립절차	법인재무	
db펫보험	펫	
유병자보험 추천	유병자	
농업회사법인	법인재무	
치아보험크라운	치아	
암보험갱신형 비갱신형	암	
미처분이익잉여금	법인재무	
1인법인설립	법인재무	
90대무배당 차도리운전자보험	운전자	
실손의료보험 전환	실손	
가수금 뜻	법인재무	
아파트천장누수보상	화재	
운전자보험필수 보장 내용	운전자	
어린이 치과 레진	치아	
KB손해보험상담	통합	
MG생명보험	통합	
kdb 손해보험	통합	
운전자보험필요성	운전자	
암보험비교시	암	
정기보험 이란	정기	
DB 운전자보험보장내용	운전자	
스케일링 보험 나이	치아	
라이나치아 보험 방법	치아	
동양 생명보험	생명	
운전자보험 청구	운전자청구서류	
대장용종 실비	실비	
흥국생명 보험금청구	통합청구서류	
치과 실비청구	실비청구서류	
우체국실비보험 치과	치과	
코인노래방 화재보험	화재	
네일아트 샵 화재보험	화재	
현대해상전문인배상책임보험	화재	
치과 보험적용	치과	
간병인 보험 단점	간병	
표적항암치료 실비	실비	
간병인 지원	간병	
4세대 실손보험 한도	실손	
미니 보험	암	
운전자보험 이란	운전자	
운전자보험 사고보상	운전자	
3대진단비 보험	진단비	
삼성다이렉트자동차보험	자동차	
60대노인실비 가장인기있는보험	실비	
DB보험	통합	
DB 손해보험	통합	
변호사배상책임보험	화재	
종신보험 만기환급	종신	
치아보험 임플란트 청구	치아청구서류	
동양생명무배당	통합	
전세집 화재보험	화재	
의료배상책임보험	화재	
4세대실비보험	실비	
운전자보험 비교	운전자	
보험 한눈에	종합	
라이나 치아보험 후기	치아	
용종제거 수술비	수술비	
암보험 금액	암	
아파트화재누수보험	화재	
대만여행자보험	여행자	
그린손해보험	통합	
자동차보험료 할증	자동차	
실손보험 이란	실손	
30대암보험	암	
어린이보험 다이렉트	어린이	
암보험 가입확인	암	
어린이보험 독감	어린이	
내 실비보험	실비	
대상포진 진단비	진단비	
자동차종합보험 가격	자동차	
롯데손해보험다이렉트	통합	
자차 보험료 할증	자동차	
화재보험 비교	화재	
자동차 보험가입 내역 조회	자동차	
삼성화재 보험접수	통합	
치과치료 보험	치과	
사망보험	종신	
다모아 보험	통합	
다이렉트한화스페셜암보험	암	
해외여행여행자보험	여행자	
한화생명 정기보험	정기	
삼성화재 보험금청구	화재청구서류	
우체국보험 실비청구	실비청구서류	
간병비 보험 비교	간병	
단독주택 화재보험	화재	
상조보험 비교	통합	
삼성화재자동차보험	자동차	
현대해상치과보험 실버치아보험	치아	
차2대 보험료	자동차	
20대NH가성비굿플러스어린이보험	어린이	
운전자보험 보상 청구	운전자청구서류	
노후 실손보험	실손	
라이나 치아보험 레진	치아	
우체국보험청구	통합청구서류	
메리츠 The좋은 알뜰한보장보험싼곳	통합	
알파Plus보장보험저렴한곳	통합	
롯데손해	통합	
70대메리츠 The좋은 알뜰한보장보험	통합	
메리츠화재비갱신형	통합	
캐롯 손해보험 자동차보험료	자동차	
심혈관질환 진단비	진단비	
삼성보험	통합	
여행자보험가격	여행자	
장기요양 간병보험	간병	
20세다이렉트보험	통합	
다이렉트자동차보험승계	자동차	
저렴한치아보험추천	치아	
흥국화재 해상보험	통합	
20세~29세 보험설계	내보험	
30세~39세 보험설계	내보험	
40세~49세 보험설계	내보험	
환화손해보험	통합	
현대해상보험	통합	
여행자보험비용	여행자	
삼성 간편암든든플러스 종신보험	종신	
10대~20대 어린이보험비교	어린이	
렌트카원데이보험	단기	
40세~50세 치매간병보험	간병	
20세~29세 종신보험 상속세	종신	
40세~50세 실손보험료	실손	
30세~40세 실손보험료	실손	
간경화 보험	통합	
50세~60세 치매간병보험	간병	
어린이 실비보험	실비	
20세~29세 어린이실비보험	어린이	
30~39세 유병자 암보험	유병자	
숨은보험	내보험	
고액암종류	암	
자동차보험 무이자할부	자동차	
차 보험료 계산	자동차	
농협손해보험실손	실손	
의료실비보험저렴한곳	실비	
실손의료보험저렴한곳	실손	
20대30대40대50대 운전자보험추천	운전자	
40세~49세 치과보험 추천가격	치과	
20대30대40대50대 치아보험 추천	치아	
20대30대40대50대 치과보험 추천	치과	
40세~49세 치아보험 추천가격	치과	
30세~39세 치과보험 추천가격	치과	
20세~29세 치과보험 추천가격	치과	
30세~39세 치아보험 추천가격	치아	
20세~29세 치아보험 추천가격	치아	
애니카다이렉트운전자보험	운전자	
보험 점검	내보험	
정기보험 추천	정기	
20대 30대 40대 50대 의료실비보험비교사이트 추천	실비	
20대 30대 40대 50대 암보험비교사이트 추천	암	
내보험찾아주기	내보험	
20대 30대 40대 50대 실손보험비교사이트 추천	실손	
20대 30대 40대 50대 암보험 비교사이트 추천	암	
30세다이렉트보험	통합	
100대다이렉트보험	통합	
메리츠 The좋은 알뜰한보장보험보험비교사이트	통합	
하나에코플러스자동차보험	자동차	
20대 30대 40대 50대 여자실비보험 추천	실비	
20대 30대 40대 50대 남자실비보험 추천	실비	
20대 30대 40대 50대 남성암보험 추천	암	
20대 30대 40대 50대 남
